year,city,avg_gross_inr,avg_net_inr,avg_commission_pct,avg_fuel_cost_inr,avg_hourly_rate_inr,avg_rain_days,real_wage_index_2021_100,real_wage_change_pct
2021,Bangalore,26584.9,15992.8,19.6,2797.4,83.5,2.5,100.0,0.0
2021,Delhi,24685.1,14384.4,19.7,2849.7,74.9,2.5,100.0,0.0
2021,Mumbai,28169.6,17358.8,19.5,2745.2,90.9,2.5,100.0,0.0
2022,Bangalore,26883.1,15775.1,20.5,3042.1,82.6,2.5,98.6,-1.4
2022,Delhi,24896.6,14109.8,20.5,3107.9,73.4,2.5,98.1,-1.9
2022,Mumbai,28340.3,16941.6,20.3,3068.8,88.0,2.5,97.6,-2.4
2023,Bangalore,27024.6,15615.2,21.5,3012.3,81.2,2.5,97.6,-2.4
2023,Delhi,25129.4,14261.5,21.5,2878.0,74.1,2.5,99.1,-0.9
2023,Mumbai,28618.2,16974.8,21.3,2959.5,88.3,2.5,97.8,-2.2
2024,Bangalore,27245.1,15762.3,22.2,2839.0,82.2,2.6,98.6,-1.4
2024,Delhi,25348.4,14279.9,22.3,2862.7,74.6,2.5,99.3,-0.7
2024,Mumbai,28682.7,16824.0,22.1,2933.9,86.9,2.5,96.9,-3.1
2025,Bangalore,27454.3,15610.7,23.2,2902.8,81.0,2.6,97.6,-2.4
2025,Delhi,25483.1,14068.3,23.3,2906.6,72.9,2.5,97.8,-2.2
2025,Mumbai,29089.8,16783.0,23.1,2981.4,87.7,2.6,96.7,-3.3
