year_month,year,month,month_name,quarter,is_monsoon,sort_order
2021-01,2021,1,Jan,Q1,Non-Monsoon,1
2021-02,2021,2,Feb,Q1,Non-Monsoon,2
2021-03,2021,3,Mar,Q1,Non-Monsoon,3
2021-04,2021,4,Apr,Q2,Non-Monsoon,4
2021-05,2021,5,May,Q2,Non-Monsoon,5
2021-06,2021,6,Jun,Q2,Monsoon,6
2021-07,2021,7,Jul,Q3,Monsoon,7
2021-08,2021,8,Aug,Q3,Monsoon,8
2021-09,2021,9,Sep,Q3,Monsoon,9
2021-10,2021,10,Oct,Q4,Non-Monsoon,10
2021-11,2021,11,Nov,Q4,Non-Monsoon,11
2021-12,2021,12,Dec,Q4,Non-Monsoon,12
2022-01,2022,1,Jan,Q1,Non-Monsoon,13
2022-02,2022,2,Feb,Q1,Non-Monsoon,14
2022-03,2022,3,Mar,Q1,Non-Monsoon,15
2022-04,2022,4,Apr,Q2,Non-Monsoon,16
2022-05,2022,5,May,Q2,Non-Monsoon,17
2022-06,2022,6,Jun,Q2,Monsoon,18
2022-07,2022,7,Jul,Q3,Monsoon,19
2022-08,2022,8,Aug,Q3,Monsoon,20
2022-09,2022,9,Sep,Q3,Monsoon,21
2022-10,2022,10,Oct,Q4,Non-Monsoon,22
2022-11,2022,11,Nov,Q4,Non-Monsoon,23
2022-12,2022,12,Dec,Q4,Non-Monsoon,24
2023-01,2023,1,Jan,Q1,Non-Monsoon,25
2023-02,2023,2,Feb,Q1,Non-Monsoon,26
2023-03,2023,3,Mar,Q1,Non-Monsoon,27
2023-04,2023,4,Apr,Q2,Non-Monsoon,28
2023-05,2023,5,May,Q2,Non-Monsoon,29
2023-06,2023,6,Jun,Q2,Monsoon,30
2023-07,2023,7,Jul,Q3,Monsoon,31
2023-08,2023,8,Aug,Q3,Monsoon,32
2023-09,2023,9,Sep,Q3,Monsoon,33
2023-10,2023,10,Oct,Q4,Non-Monsoon,34
2023-11,2023,11,Nov,Q4,Non-Monsoon,35
2023-12,2023,12,Dec,Q4,Non-Monsoon,36
2024-01,2024,1,Jan,Q1,Non-Monsoon,37
2024-02,2024,2,Feb,Q1,Non-Monsoon,38
2024-03,2024,3,Mar,Q1,Non-Monsoon,39
2024-04,2024,4,Apr,Q2,Non-Monsoon,40
2024-05,2024,5,May,Q2,Non-Monsoon,41
2024-06,2024,6,Jun,Q2,Monsoon,42
2024-07,2024,7,Jul,Q3,Monsoon,43
2024-08,2024,8,Aug,Q3,Monsoon,44
2024-09,2024,9,Sep,Q3,Monsoon,45
2024-10,2024,10,Oct,Q4,Non-Monsoon,46
2024-11,2024,11,Nov,Q4,Non-Monsoon,47
2024-12,2024,12,Dec,Q4,Non-Monsoon,48
2025-01,2025,1,Jan,Q1,Non-Monsoon,49
2025-02,2025,2,Feb,Q1,Non-Monsoon,50
2025-03,2025,3,Mar,Q1,Non-Monsoon,51
2025-04,2025,4,Apr,Q2,Non-Monsoon,52
2025-05,2025,5,May,Q2,Non-Monsoon,53
2025-06,2025,6,Jun,Q2,Monsoon,54
2025-07,2025,7,Jul,Q3,Monsoon,55
2025-08,2025,8,Aug,Q3,Monsoon,56
2025-09,2025,9,Sep,Q3,Monsoon,57
2025-10,2025,10,Oct,Q4,Non-Monsoon,58
2025-11,2025,11,Nov,Q4,Non-Monsoon,59
2025-12,2025,12,Dec,Q4,Non-Monsoon,60
