year,month,mumbai_inr_per_l,delhi_inr_per_l,bangalore_inr_per_l,national_avg_inr_per_l,year_month
2021,1,96.63,96.83,102.85,98.77,2021-01
2021,2,97.59,95.65,101.78,98.34,2021-02
2021,3,97.88,96.31,101.95,98.72,2021-03
2021,4,96.01,94.34,102.06,97.47,2021-04
2021,5,96.09,94.69,100.72,97.17,2021-05
2021,6,95.3,96.25,100.72,97.43,2021-06
2021,7,97.87,94.54,102.68,98.36,2021-07
2021,8,97.67,96.28,103.02,98.99,2021-08
2021,9,96.22,96.86,101.24,98.11,2021-09
2021,10,98.0,95.21,100.57,97.93,2021-10
2021,11,97.55,96.26,100.99,98.27,2021-11
2021,12,97.67,94.37,100.85,97.63,2021-12
2022,1,110.43,104.77,110.53,108.58,2022-01
2022,2,110.87,105.57,111.64,109.36,2022-02
2022,3,109.51,105.91,112.88,109.44,2022-03
2022,4,110.02,106.12,110.84,108.99,2022-04
2022,5,109.15,105.65,112.16,108.99,2022-05
2022,6,108.81,106.82,110.65,108.76,2022-06
2022,7,108.34,104.59,112.56,108.5,2022-07
2022,8,108.11,106.86,113.26,109.41,2022-08
2022,9,108.48,105.1,110.91,108.16,2022-09
2022,10,109.22,105.5,112.77,109.16,2022-10
2022,11,108.11,106.86,113.12,109.36,2022-11
2022,12,109.71,105.34,111.95,109.0,2022-12
2023,1,104.86,97.41,109.89,104.05,2023-01
2023,2,105.66,96.58,109.28,103.84,2023-02
2023,3,106.9,97.04,109.56,104.5,2023-03
2023,4,105.74,97.83,110.45,104.67,2023-04
2023,5,106.95,97.06,108.63,104.21,2023-05
2023,6,104.98,96.49,111.19,104.22,2023-06
2023,7,106.37,97.83,108.69,104.3,2023-07
2023,8,106.97,95.94,109.97,104.29,2023-08
2023,9,105.68,97.34,109.6,104.21,2023-09
2023,10,106.19,95.94,109.24,103.79,2023-10
2023,11,105.34,96.86,108.83,103.68,2023-11
2023,12,105.6,96.79,109.22,103.87,2023-12
2024,1,105.17,93.34,104.32,100.94,2024-01
2024,2,105.59,94.81,104.16,101.52,2024-02
2024,3,106.01,94.4,101.75,100.72,2024-03
2024,4,104.16,93.93,103.65,100.58,2024-04
2024,5,105.04,95.85,102.87,101.25,2024-05
2024,6,105.71,94.27,103.21,101.06,2024-06
2024,7,105.32,95.58,103.8,101.56,2024-07
2024,8,104.23,94.46,102.02,100.24,2024-08
2024,9,105.64,94.11,102.57,100.78,2024-09
2024,10,105.81,94.32,102.27,100.8,2024-10
2024,11,105.35,96.23,101.59,101.06,2024-11
2024,12,105.9,93.66,102.43,100.67,2024-12
2025,1,106.95,97.76,106.68,103.8,2025-01
2025,2,106.01,97.83,104.87,102.9,2025-02
2025,3,108.41,96.43,105.98,103.61,2025-03
2025,4,106.19,98.47,103.91,102.86,2025-04
2025,5,106.4,97.63,106.46,103.5,2025-05
2025,6,108.68,96.12,104.82,103.21,2025-06
2025,7,108.38,95.7,106.1,103.39,2025-07
2025,8,106.97,97.67,105.47,103.37,2025-08
