platform,year,commission_rate_pct,effective_date,source
Swiggy,2021,20,01-01-2021,Platform T&C / Industry Reports
Swiggy,2022,21,01-01-2022,Platform T&C / Industry Reports
Swiggy,2023,22,01-01-2023,Platform T&C / Industry Reports
Swiggy,2024,23,01-01-2024,Platform T&C / Industry Reports
Swiggy,2025,24,01-01-2025,Platform T&C / Industry Reports
Zomato,2021,22,01-01-2021,Platform T&C / Industry Reports
Zomato,2022,22,01-01-2022,Platform T&C / Industry Reports
Zomato,2023,23,01-01-2023,Platform T&C / Industry Reports
Zomato,2024,24,01-01-2024,Platform T&C / Industry Reports
Zomato,2025,25,01-01-2025,Platform T&C / Industry Reports
Blinkit,2021,18,01-01-2021,Platform T&C / Industry Reports
Blinkit,2022,19,01-01-2022,Platform T&C / Industry Reports
Blinkit,2023,20,01-01-2023,Platform T&C / Industry Reports
Blinkit,2024,21,01-01-2024,Platform T&C / Industry Reports
Blinkit,2025,22,01-01-2025,Platform T&C / Industry Reports
Zepto,2021,17,01-01-2021,Platform T&C / Industry Reports
Zepto,2022,18,01-01-2022,Platform T&C / Industry Reports
Zepto,2023,19,01-01-2023,Platform T&C / Industry Reports
Zepto,2024,20,01-01-2024,Platform T&C / Industry Reports
Zepto,2025,21,01-01-2025,Platform T&C / Industry Reports
Dunzo,2021,21,01-01-2021,Platform T&C / Industry Reports
Dunzo,2022,22,01-01-2022,Platform T&C / Industry Reports
Dunzo,2023,23,01-01-2023,Platform T&C / Industry Reports
Dunzo,2024,23,01-01-2024,Platform T&C / Industry Reports
Dunzo,2025,24,01-01-2025,Platform T&C / Industry Reports
